checking_status,duration,credit_history,purpose,credit_amount,savings_status,employment,installment_commitment,personal_status,other_parties,residence_since,property_magnitude,age,other_payment_plans,housing,existing_credits,job,num_dependents,own_telephone,foreign_worker,target,age_band
<0,12,critical/other existing credit,new car,4843,<100,>=7,3,male single,co applicant,4,life insurance,43,none,rent,2,skilled,1,yes,yes,1,40_to_59
0<=X<200,48,existing paid,radio/tv,5951,<100,1<=X<4,2,female div/dep/mar,none,2,real estate,22,none,own,1,skilled,1,none,yes,1,under_25
>=200,42,critical/other existing credit,used car,4796,<100,>=7,4,male single,none,4,no known property,56,none,for free,1,skilled,1,none,yes,0,40_to_59
no checking,60,critical/other existing credit,new car,13756,no known savings,>=7,2,male single,none,4,no known property,63,bank,for free,1,high qualif/self emp/mgmt,1,yes,yes,0,60_plus
0<=X<200,9,existing paid,radio/tv,2118,<100,1<=X<4,2,male single,none,2,real estate,37,none,own,1,unskilled resident,2,none,yes,0,25_to_39
0<=X<200,7,existing paid,radio/tv,2415,<100,1<=X<4,3,male single,guarantor,2,real estate,34,none,own,1,skilled,1,none,yes,0,25_to_39
0<=X<200,30,no credits/all paid,business,4280,100<=X<500,1<=X<4,4,female div/dep/mar,none,4,car,26,none,rent,2,unskilled resident,1,none,yes,1,25_to_39
<0,48,existing paid,business,4308,<100,<1,3,female div/dep/mar,none,4,life insurance,24,none,rent,1,skilled,1,none,yes,1,under_25
<0,30,critical/other existing credit,used car,6187,100<=X<500,4<=X<7,1,male mar/wid,none,4,car,24,none,rent,2,skilled,1,none,yes,0,under_25
no checking,24,critical/other existing credit,education,1597,<100,>=7,4,male single,none,4,no known property,54,none,for free,2,skilled,2,none,yes,0,40_to_59
0<=X<200,18,delayed previously,new car,2899,no known savings,>=7,4,male single,none,4,car,43,none,own,1,skilled,2,none,yes,0,40_to_59
<0,12,existing paid,education,1200,no known savings,1<=X<4,4,female div/dep/mar,none,4,life insurance,23,bank,rent,1,skilled,1,yes,yes,0,under_25
no checking,24,critical/other existing credit,used car,5804,>=1000,1<=X<4,4,male single,none,2,real estate,27,none,own,2,skilled,1,none,yes,0,25_to_39
no checking,21,delayed previously,furniture/equipment,1591,100<=X<500,4<=X<7,4,male single,none,3,real estate,34,none,own,2,high qualif/self emp/mgmt,1,none,yes,0,25_to_39
<0,18,existing paid,new car,976,<100,<1,1,female div/dep/mar,none,2,car,23,none,own,1,unskilled resident,1,none,yes,1,under_25
<0,24,delayed previously,radio/tv,1024,<100,<1,4,male mar/wid,none,4,real estate,48,stores,own,1,skilled,1,none,yes,1,40_to_59
<0,48,all paid,business,7685,<100,4<=X<7,2,female div/dep/mar,guarantor,4,car,37,none,rent,1,skilled,1,none,yes,1,25_to_39
no checking,15,delayed previously,radio/tv,1478,<100,1<=X<4,4,male mar/wid,none,3,real estate,33,bank,own,2,skilled,1,none,yes,0,25_to_39
no checking,21,existing paid,furniture/equipment,2241,<100,>=7,4,male single,none,2,real estate,50,none,own,2,skilled,1,none,yes,0,40_to_59
no checking,18,existing paid,radio/tv,1505,<100,1<=X<4,4,male single,none,2,no known property,32,none,for free,1,high qualif/self emp/mgmt,1,yes,yes,0,25_to_39
0<=X<200,60,existing paid,education,6288,<100,1<=X<4,4,male single,none,4,no known property,42,none,for free,1,skilled,1,none,yes,1,40_to_59
no checking,6,critical/other existing credit,new car,362,100<=X<500,1<=X<4,4,female div/dep/mar,none,4,car,52,none,own,2,unskilled resident,1,none,yes,0,40_to_59
no checking,24,delayed previously,new car,2032,<100,>=7,4,male single,none,4,no known property,60,none,for free,2,skilled,1,yes,yes,0,60_plus
<0,15,existing paid,new car,2511,<100,unemployed,1,female div/dep/mar,none,4,car,23,none,rent,1,skilled,1,none,yes,0,under_25
<0,6,existing paid,radio/tv,2647,500<=X<1000,1<=X<4,2,male single,none,3,real estate,44,none,rent,1,skilled,2,none,yes,0,40_to_59
0<=X<200,12,existing paid,retraining,754,no known savings,>=7,4,male single,none,4,life insurance,38,none,own,2,skilled,1,none,yes,0,25_to_39
0<=X<200,12,critical/other existing credit,used car,1860,<100,unemployed,4,male single,none,2,car,34,none,own,2,high qualif/self emp/mgmt,1,yes,yes,0,25_to_39
0<=X<200,6,delayed previously,furniture/equipment,1050,<100,unemployed,4,male single,none,1,life insurance,35,stores,own,2,high qualif/self emp/mgmt,1,yes,yes,0,25_to_39
0<=X<200,18,delayed previously,business,2427,no known savings,>=7,4,male single,none,2,life insurance,42,none,own,2,skilled,1,none,yes,0,40_to_59
<0,24,existing paid,furniture/equipment,3149,<100,<1,4,male single,none,1,no known property,22,bank,for free,1,skilled,1,none,yes,0,under_25
0<=X<200,12,existing paid,new car,6078,<100,4<=X<7,2,male single,none,2,car,32,none,own,1,skilled,1,none,yes,0,25_to_39
no checking,10,existing paid,new car,1287,no known savings,>=7,4,male single,co applicant,2,life insurance,45,none,own,1,unskilled resident,1,none,no,0,40_to_59
<0,18,critical/other existing credit,furniture/equipment,2124,<100,1<=X<4,4,female div/dep/mar,none,4,real estate,24,none,rent,2,skilled,1,none,yes,1,under_25
no checking,9,existing paid,radio/tv,1478,<100,4<=X<7,4,male single,none,2,car,22,none,own,1,skilled,1,none,yes,1,under_25
no checking,12,existing paid,radio/tv,2279,no known savings,1<=X<4,4,male single,none,4,no known property,37,none,for free,1,skilled,1,yes,yes,0,25_to_39
no checking,12,critical/other existing credit,new car,1255,<100,>=7,4,male single,none,4,real estate,61,none,own,2,unskilled resident,1,none,yes,0,60_plus
no checking,10,existing paid,new car,1546,<100,1<=X<4,3,male single,none,2,real estate,31,none,own,1,unskilled resident,2,none,no,0,25_to_39
no checking,6,critical/other existing credit,new car,250,>=1000,1<=X<4,2,female div/dep/mar,none,2,real estate,41,bank,own,2,unskilled resident,1,none,yes,0,40_to_59
>=200,6,delayed previously,radio/tv,683,<100,<1,2,female div/dep/mar,none,1,life insurance,29,bank,own,1,skilled,1,none,yes,0,25_to_39
no checking,24,existing paid,business,4591,>=1000,1<=X<4,2,male single,none,3,life insurance,54,none,own,3,high qualif/self emp/mgmt,1,yes,yes,1,40_to_59
no checking,24,existing paid,furniture/equipment,3062,500<=X<1000,>=7,4,male single,none,3,no known property,32,none,rent,1,skilled,1,yes,yes,0,25_to_39
no checking,6,all paid,radio/tv,1750,500<=X<1000,>=7,2,male single,none,4,life insurance,45,bank,own,1,unskilled resident,2,none,yes,0,40_to_59
0<=X<200,9,existing paid,radio/tv,1670,<100,<1,4,female div/dep/mar,none,2,car,22,none,own,1,skilled,1,yes,yes,1,under_25
<0,30,existing paid,furniture/equipment,6350,no known savings,>=7,4,male single,none,4,life insurance,31,none,own,1,skilled,1,none,yes,1,25_to_39
<0,21,all paid,new car,1647,no known savings,1<=X<4,4,male single,none,2,life insurance,40,none,own,2,unskilled resident,2,none,yes,1,40_to_59
<0,10,critical/other existing credit,new car,2241,<100,<1,1,male single,none,3,real estate,48,none,rent,2,unskilled resident,2,none,no,0,40_to_59
<0,36,existing paid,furniture/equipment,3959,<100,unemployed,4,male single,none,3,life insurance,30,none,own,1,high qualif/self emp/mgmt,1,yes,yes,0,25_to_39
>=200,24,existing paid,furniture/equipment,2892,<100,>=7,3,male div/sep,none,4,no known property,51,none,for free,1,skilled,1,none,yes,0,40_to_59
>=200,18,all paid,radio/tv,1445,no known savings,4<=X<7,4,male single,none,4,car,49,bank,own,1,unskilled resident,1,none,yes,0,40_to_59
<0,6,existing paid,new car,14896,<100,>=7,1,male single,none,4,no known property,68,bank,own,1,high qualif/self emp/mgmt,1,yes,yes,1,60_plus
0<=X<200,13,existing paid,radio/tv,2101,<100,<1,2,female div/dep/mar,guarantor,4,life insurance,23,none,own,1,unskilled resident,1,none,yes,0,under_25
0<=X<200,48,delayed previously,education,6224,<100,>=7,4,male single,none,4,no known property,50,none,for free,1,skilled,1,none,yes,1,40_to_59
<0,12,critical/other existing credit,new car,3499,<100,1<=X<4,3,female div/dep/mar,co applicant,2,real estate,29,none,own,2,skilled,1,none,yes,1,25_to_39
<0,18,no credits/all paid,business,3104,<100,4<=X<7,3,male single,none,1,life insurance,31,bank,own,1,skilled,1,yes,yes,0,25_to_39
no checking,36,existing paid,used car,8133,<100,1<=X<4,1,female div/dep/mar,none,2,life insurance,30,bank,own,1,skilled,1,none,yes,0,25_to_39
no checking,12,existing paid,new car,2859,no known savings,unemployed,4,male single,none,4,no known property,38,none,own,1,high qualif/self emp/mgmt,1,yes,yes,0,25_to_39
no checking,18,critical/other existing credit,radio/tv,2404,<100,1<=X<4,2,female div/dep/mar,none,2,car,26,none,own,2,skilled,1,none,yes,0,25_to_39
no checking,10,existing paid,new car,1364,<100,1<=X<4,2,female div/dep/mar,none,4,car,64,none,own,1,skilled,1,yes,yes,0,60_plus
0<=X<200,12,existing paid,radio/tv,1484,no known savings,1<=X<4,2,male mar/wid,none,1,real estate,25,none,own,1,skilled,1,yes,yes,1,25_to_39
no checking,24,critical/other existing credit,radio/tv,5103,<100,<1,3,male mar/wid,none,3,no known property,47,none,for free,3,skilled,1,yes,yes,0,40_to_59
